	google	420	render	10/05/2014 03:30:55
	google	427	render	10/05/2014 03:30:55
	google	98	render	10/05/2014 03:30:55
	google	345	render	10/05/2014 03:30:55
	google	533	render	10/05/2014 03:30:55
	google	19	render	10/05/2014 03:30:55
	google	251	render	10/05/2014 03:30:55
	google	656	render	10/05/2014 03:30:55
	google	249	render	10/05/2014 03:30:55
	google	172	render	10/05/2014 03:30:55
	google	420	render	10/05/2014 03:39:50
	google	345	render	10/05/2014 03:39:50
	google	533	render	10/05/2014 03:39:50
	google	172	render	10/05/2014 03:39:50
	google	656	render	10/05/2014 03:39:50
	google	251	render	10/05/2014 03:39:50
	google	98	render	10/05/2014 03:39:50
	google	19	render	10/05/2014 03:39:50
	google	249	render	10/05/2014 03:39:50
	google	427	render	10/05/2014 03:39:50
	google	427	render	10/05/2014 03:39:52
	google	98	render	10/05/2014 03:39:52
	google	420	render	10/05/2014 03:39:52
	google	533	render	10/05/2014 03:39:52
	google	345	render	10/05/2014 03:39:52
	google	19	render	10/05/2014 03:39:52
	google	251	render	10/05/2014 03:39:52
	google	656	render	10/05/2014 03:39:52
	google	172	render	10/05/2014 03:39:52
	google	249	render	10/05/2014 03:39:52
	google	420	render	10/05/2014 03:40:19
	google	427	render	10/05/2014 03:40:19
	google	420	render	10/05/2014 03:40:26
	google	98	render	10/05/2014 03:40:26
	google	427	render	10/05/2014 03:40:26
	google	345	render	10/05/2014 03:40:26
	google	533	render	10/05/2014 03:40:26
	google	19	render	10/05/2014 03:40:26
	google	251	render	10/05/2014 03:40:26
	google	656	render	10/05/2014 03:40:26
	google	172	render	10/05/2014 03:40:26
	google	249	render	10/05/2014 03:40:26
	google	228	render	10/05/2014 03:40:26
	google	644	render	10/05/2014 03:40:26
	google	461	render	10/05/2014 03:40:26
	google	56	render	10/05/2014 03:40:26
	google	225	render	10/05/2014 03:40:26
	google	247	render	10/05/2014 03:41:09
	google	326	render	10/05/2014 03:41:09
	google	519	render	10/05/2014 03:41:09
	google	250	render	10/05/2014 03:41:09
	google	420	render	10/05/2014 03:41:09
	google	249	render	10/05/2014 03:41:09
	google	98	render	10/05/2014 03:41:09
	google	248	render	10/05/2014 03:41:09
	google	619	render	10/05/2014 03:41:09
	google	433	render	10/05/2014 03:41:09
	google	345	render	10/05/2014 03:41:09
	google	427	render	10/05/2014 03:41:09
	google	228	render	10/05/2014 03:41:09
	google	225	render	10/05/2014 03:41:09
	google	343	render	10/05/2014 03:41:09
	google	420	render	10/05/2014 03:41:14
	google	427	render	10/05/2014 03:41:14
	google	98	render	10/05/2014 03:41:14
	google	345	render	10/05/2014 03:41:14
	google	533	render	10/05/2014 03:41:14
	google	19	render	10/05/2014 03:41:14
	google	251	render	10/05/2014 03:41:14
	google	656	render	10/05/2014 03:41:14
	google	249	render	10/05/2014 03:41:14
	google	172	render	10/05/2014 03:41:14
	google	644	render	10/05/2014 03:41:14
	google	228	render	10/05/2014 03:41:14
	google	461	render	10/05/2014 03:41:14
	google	56	render	10/05/2014 03:41:14
	google	225	render	10/05/2014 03:41:14
	google	225	click	10/05/2014 03:44:56
	google	420	render	10/05/2014 03:48:41
	google	427	render	10/05/2014 03:48:41
	google	98	render	10/05/2014 03:48:41
	google	656	render	10/05/2014 03:48:41
	google	172	render	10/05/2014 03:48:41
	google	345	render	10/05/2014 03:48:41
	google	19	render	10/05/2014 03:48:41
	google	533	render	10/05/2014 03:48:41
	google	249	render	10/05/2014 03:48:41
	google	251	render	10/05/2014 03:48:41
	google	420	render	10/05/2014 03:48:52
	google	427	render	10/05/2014 03:48:52
	google	98	render	10/05/2014 03:48:52
	google	345	render	10/05/2014 03:48:52
	google	19	render	10/05/2014 03:48:52
	google	533	render	10/05/2014 03:48:52
	google	251	render	10/05/2014 03:48:52
	google	656	render	10/05/2014 03:48:52
	google	172	render	10/05/2014 03:48:52
	google	249	render	10/05/2014 03:48:52
	google	98	render	10/05/2014 03:48:57
	google	345	render	10/05/2014 03:48:57
	google	427	render	10/05/2014 03:48:57
	google	533	render	10/05/2014 03:48:57
	google	19	render	10/05/2014 03:48:57
	google	251	render	10/05/2014 03:48:57
	google	172	render	10/05/2014 03:48:57
	google	249	render	10/05/2014 03:48:57
	google	228	render	10/05/2014 03:48:57
	google	656	render	10/05/2014 03:48:57
	web search	516	render	10/05/2014 12:32:37
	web search	415	render	10/05/2014 12:32:37
	web search	388	render	10/05/2014 12:32:37
	web search	289	render	10/05/2014 12:32:37
	web search	630	render	10/05/2014 12:32:37
	web search	612	render	10/05/2014 12:32:37
	web search	515	render	10/05/2014 12:32:37
	web search	618	render	10/05/2014 12:32:37
	web search	371	render	10/05/2014 12:32:37
	web search	427	render	10/05/2014 12:32:37
	web search	516	render	10/05/2014 12:32:43
	web search	415	render	10/05/2014 12:32:43
	web search	388	render	10/05/2014 12:32:43
	web search	289	render	10/05/2014 12:32:43
	web search	630	render	10/05/2014 12:32:43
	web search	612	render	10/05/2014 12:32:43
	web search	515	render	10/05/2014 12:32:43
	web search	618	render	10/05/2014 12:32:43
	web search	371	render	10/05/2014 12:32:43
	web search	427	render	10/05/2014 12:32:43
	google	420	render	10/05/2014 22:06:23
	google	427	render	10/05/2014 22:06:23
	google	98	render	10/05/2014 22:06:23
	google	345	render	10/05/2014 22:06:23
	google	533	render	10/05/2014 22:06:23
	google	19	render	10/05/2014 22:06:23
	google	251	render	10/05/2014 22:06:23
	google	656	render	10/05/2014 22:06:23
	google	172	render	10/05/2014 22:06:23
	google	249	render	10/05/2014 22:06:23
